role	group_id	source_row	time	v(acsrc)	v(acn)	i(Vac)	v(load)	v(vb)	i(Lboost)	v(vd)	v(sw)	v(gate)	v(q)	v(en)	v(fault)	v(vcomp)	v(icomp)
LEFT	1	22589744	5.01609142995657731e-1	9.56920802598145599e1	-1.05780209520472113e0	-8.53114702777291001e0	3.70105159335021142e2	3.70158480862870761e2	8.53113586669447876e0	3.70292049698210690e2	3.71597188918031520e2	-2.75994745385285811e-6	5.00000000000000000e0	4.99999999999999467e0	0.00000000000000000e0	3.32250048067127635e0	3.34895935150341018e0
GROUP	1	22589745	5.01609142995657842e-1	9.56920802604790026e1	-1.05780209454820806e0	-8.53114703456548895e0	3.70105159335021369e2	3.70158480862870988e2	8.53113586656717082e0	3.70292049698208984e2	3.71597188918028223e2	-2.75994748324764534e-6	5.00000000000000000e0	4.99999999999999467e0	0.00000000000000000e0	3.32250048067127723e0	3.34895935150288837e0
GROUP	1	22589746	5.01609142995657842e-1	9.56920802615791928e1	-1.05780209344801790e0	-8.53114695961846792e0	3.70105159335021369e2	3.70158480862870988e2	8.53113586649933708e0	3.70292049698208245e2	3.71597188918026461e2	-2.75994749939735594e-6	5.00000000000000000e0	4.99999999999999467e0	0.00000000000000000e0	3.32250048067127679e0	3.34895935150260948e0
RIGHT	1	22589747	5.01609142995657953e-1	9.56920802623883873e1	-1.05780209264673886e0	-8.53114695560647363e0	3.70105159335021312e2	3.70158480862870931e2	8.53113586641285515e0	3.70292049698207450e2	3.71597188918024017e2	-2.75994752121140497e-6	5.00000000000000000e0	4.99999999999999467e0	0.00000000000000000e0	3.32250048067127635e0	3.34895935150225421e0
LEFT	2	22850870	5.06721215922079971e-1	9.58550811312315005e1	-1.05108207974632251e0	-8.25821897867064258e0	3.74913704837022351e2	3.74967719138226869e2	8.25820984479850395e0	3.75097408184367339e2	3.76398640770312625e2	-1.46872154620205026e-5	5.00000000000000000e0	4.99999999999999467e0	0.00000000000000000e0	3.32140994794975075e0	3.41223394203254049e0
GROUP	2	22850871	5.06721215922080082e-1	9.58550811317077205e1	-1.05108207926217290e0	-8.25821898879252103e0	3.74913704837022692e2	3.74967719138227210e2	8.25820984460609075e0	3.75097408184364838e2	3.76398640770307679e2	-1.46872154938610589e-5	5.00000000000000000e0	4.99999999999999467e0	0.00000000000000000e0	3.32140994794975075e0	3.41223394203123487e0
GROUP	2	22850872	5.06721215922080082e-1	9.58550811308176236e1	-1.05108208015226978e0	-8.25821902128486229e0	3.74913704837022749e2	3.74967719138227267e2	8.25820984452550810e0	3.75097408184363985e2	3.76398640770305406e2	-1.46872155080251693e-5	5.00000000000000000e0	4.99999999999999467e0	0.00000000000000000e0	3.32140994794975075e0	3.41223394203068864e0
RIGHT	2	22850873	5.06721215922080193e-1	9.58550811321296834e1	-1.05108207883625937e0	-8.25821894234793774e0	3.74913704837022919e2	3.74967719138227437e2	8.25820984441720185e0	3.75097408184362621e2	3.76398640770302450e2	-1.46872155277125257e-5	5.00000000000000000e0	4.99999999999999467e0	0.00000000000000000e0	3.32140994794975075e0	3.41223394202995500e0
LEFT	3	22998969	5.09982071421210992e-1	-3.68967891743436738e0	9.51305513253621911e1	8.76139372806670735e0	3.70717838933208043e2	3.70771248730597904e2	8.76138276264910409e0	3.70908247745288747e2	3.72216653770048651e2	-1.12940186758544105e-5	5.00000000000000000e0	4.99999999999999467e0	0.00000000000000000e0	3.32575371780239015e0	3.42248817938174899e0
GROUP	3	22998970	5.09982071421211103e-1	-3.68967891741481724e0	9.51305513253895612e1	8.76139372556070839e0	3.70717838933208270e2	3.70771248730598131e2	8.76138276252078718e0	3.70908247745287213e2	3.72216653770045127e2	-1.12940187017843353e-5	5.00000000000000000e0	4.99999999999999467e0	0.00000000000000000e0	3.32575371780239060e0	3.42248817938117966e0
GROUP	3	22998971	5.09982071421211103e-1	-3.68967891607902398e0	9.51305513267253673e1	8.76139373005088373e0	3.70717838933208327e2	3.70771248730598188e2	8.76138276245246139e0	3.70908247745286474e2	3.72216653770043251e2	-1.12940187157873671e-5	5.00000000000000000e0	4.99999999999999467e0	0.00000000000000000e0	3.32575371780239148e0	3.42248817938087635e0
RIGHT	3	22998972	5.09982071421211214e-1	-3.68967891949274396e0	9.51305513233194802e1	8.76139372519673998e0	3.70717838933208384e2	3.70771248730598245e2	8.76138276236524227e0	3.70908247745285450e2	3.72216653770041091e2	-1.12940187315692731e-5	5.00000000000000000e0	4.99999999999999467e0	0.00000000000000000e0	3.32575371780239282e0	3.42248817938048910e0
LEFT	4	23258811	5.15070838835970379e-1	-3.49242371403810647e0	9.25563688039280947e1	8.15322071188671771e0	3.75545852120097265e2	3.75599957495576518e2	8.15321148658521366e0	3.75728058266379151e2	3.77027777518494588e2	-1.82852179628093353e-6	5.00000000000000000e0	4.99999999999999467e0	0.00000000000000000e0	3.32409160263784109e0	3.36812051191871031e0
GROUP	4	23258812	5.15070838835970490e-1	-3.49242371401306384e0	9.25563688039451904e1	8.15322071408104421e0	3.75545852120097550e2	3.75599957495576803e2	8.15321148644588156e0	3.75728058266377332e2	3.77027777518490950e2	-1.82852182858811142e-6	5.00000000000000000e0	4.99999999999999467e0	0.00000000000000000e0	3.32409160263784065e0	3.36812051191780437e0
GROUP	4	23258813	5.15070838835970490e-1	-3.49242371549136399e0	9.25563688024668778e1	8.15322071006789884e0	3.75545852120097550e2	3.75599957495576803e2	8.15321148636753534e0	3.75728058266376138e2	3.77027777518488904e2	-1.82852184745230108e-6	5.00000000000000000e0	4.99999999999999467e0	0.00000000000000000e0	3.32409160263784020e0	3.36812051191729500e0
RIGHT	4	23258814	5.15070838835970601e-1	-3.49242371272649565e0	9.25563688052317559e1	8.15322071367779699e0	3.75545852120097493e2	3.75599957495576746e2	8.15321148627296211e0	3.75728058266374717e2	3.77027777518486459e2	-1.82852187103071974e-6	5.00000000000000000e0	4.99999999999999467e0	0.00000000000000000e0	3.32409160263784020e0	3.36812051191668083e0
LEFT	5	23404458	5.18285240597946451e-1	9.61856862609703001e1	-1.05929392180654247e0	-8.59195947209506983e0	3.71367269857139206e2	3.71420773218880242e2	8.59194831313557827e0	3.71555276290759878e2	3.72861280841267785e2	-5.26470565144295168e-6	5.00000000000000000e0	4.99999999999999467e0	0.00000000000000000e0	3.32816154684015553e0	3.36319620055720181e0
GROUP	5	23404459	5.18285240597946562e-1	9.61856862602861469e1	-1.05929392249464627e0	-8.59195947118264769e0	3.71367269857139547e2	3.71420773218880583e2	8.59194831298845330e0	3.71555276290758002e2	3.72861280841263863e2	-5.26470568320862352e-6	5.00000000000000000e0	4.99999999999999467e0	0.00000000000000000e0	3.32816154684015597e0	3.36319620055658630e0
GROUP	5	23404460	5.18285240597946562e-1	9.61856862610751620e1	-1.05929392170563119e0	-8.59195945495370239e0	3.71367269857139661e2	3.71420773218880697e2	8.59194831291071637e0	3.71555276290757092e2	3.72861280841261760e2	-5.26470570092455732e-6	5.00000000000000000e0	4.99999999999999467e0	0.00000000000000000e0	3.32816154684015642e0	3.36319620055626078e0
RIGHT	5	23404461	5.18285240597946673e-1	9.61856862597066709e1	-1.05929392308203774e0	-8.59195945921116788e0	3.71367269857139775e2	3.71420773218880811e2	8.59194831281018523e0	3.71555276290756069e2	3.72861280841258974e2	-5.26470572391369558e-6	5.00000000000000000e0	4.99999999999999467e0	0.00000000000000000e0	3.32816154684015686e0	3.36319620055583934e0
LEFT	6	23406025	5.18316249835523712e-1	9.77994973483404380e1	-1.06468213036025361e0	-8.81225826748637076e0	3.71350060866945228e2	3.71403561749364826e2	8.81224728456099982e0	3.71541339878750705e2	3.72850464164304071e2	-1.30308233452788086e-5	5.00000000000000000e0	4.99999999999999467e0	0.00000000000000000e0	3.32840445527410589e0	3.42846867809732636e0
GROUP	6	23406026	5.18316249835523823e-1	9.77994973497667672e1	-1.06468212894176872e0	-8.81225824786503154e0	3.71350060866945512e2	3.71403561749365110e2	8.81224728442787253e0	3.71541339878749113e2	3.72850464164300661e2	-1.30308233677361220e-5	5.00000000000000000e0	4.99999999999999467e0	0.00000000000000000e0	3.32840445527410678e0	3.42846867809674904e0
GROUP	6	23406027	5.18316249835523823e-1	9.77994973526206479e1	-1.06468212608788804e0	-8.81225824771825472e0	3.71350060866945739e2	3.71403561749365338e2	8.81224728436015425e0	3.71541339878748374e2	3.72850464164298785e2	-1.30308233808448784e-5	5.00000000000000000e0	4.99999999999999467e0	0.00000000000000000e0	3.32840445527410678e0	3.42846867809645595e0
RIGHT	6	23406028	5.18316249835523934e-1	9.77994973513223016e1	-1.06468212738623436e0	-8.81225822388750402e0	3.71350060866945910e2	3.71403561749365508e2	8.81224728427262605e0	3.71541339878747408e2	3.72850464164296170e2	-1.30308233992121814e-5	5.00000000000000000e0	4.99999999999999467e0	0.00000000000000000e0	3.32840445527410633e0	3.42846867809607581e0
LEFT	7	23664271	5.23358572808415135e-1	9.73840217675439987e1	-1.05558015062679544e0	-8.44071968037589215e0	3.76168933738905309e2	3.76223128882557319e2	8.44071063107715247e0	3.76355511775540776e2	3.77659360886934905e2	-1.25718397094167737e-5	5.00000000000000000e0	4.99999999999999467e0	0.00000000000000000e0	3.32706638926877662e0	3.44480405525803901e0
GROUP	7	23664272	5.23358572808415246e-1	9.73840217668688695e1	-1.05558015129408034e0	-8.44071968784000326e0	3.76168933738905707e2	3.76223128882557717e2	8.44071063094268403e0	3.76355511775539128e2	3.77659360886931154e2	-1.25718397354964251e-5	5.00000000000000000e0	4.99999999999999467e0	0.00000000000000000e0	3.32706638926877662e0	3.44480405525715350e0
GROUP	7	23664273	5.23358572808415246e-1	9.73840217672547794e1	-1.05558015090817037e0	-8.44071971519775133e0	3.76168933738905764e2	3.76223128882557774e2	8.44071063087517715e0	3.76355511775538162e2	3.77659360886929278e2	-1.25718397487293176e-5	5.00000000000000000e0	4.99999999999999467e0	0.00000000000000000e0	3.32706638926877618e0	3.44480405525670896e0
GROUP	7	23664274	5.23358572808415246e-1	9.73840217643072208e1	-1.05558015385572901e0	-8.44071968710768594e0	3.76168933738905707e2	3.76223128882557717e2	8.44071063078910910e0	3.76355511775536968e2	3.77659360886926947e2	-1.25718397660615023e-5	5.00000000000000000e0	4.99999999999999467e0	0.00000000000000000e0	3.32706638926877618e0	3.44480405525614319e0
RIGHT	7	23664275	5.23358572808415357e-1	9.73840217684932838e1	-1.05558014966966596e0	-8.44071967477888485e0	3.76168933738905878e2	3.76223128882557887e2	8.44071063061697480e0	3.76355511775535035e2	3.77659360886922286e2	-1.25718397989100584e-5	5.00000000000000000e0	4.99999999999999467e0	0.00000000000000000e0	3.32706638926877662e0	3.44480405525501032e0
LEFT	8	23665433	5.23381803995568773e-1	9.61713831276467204e1	-1.05378055035957630e0	-8.36761417025550003e0	3.76155004501536041e2	3.76209197638384865e2	8.36760501707702886e0	3.76340515676185248e2	3.77643318742730969e2	-1.13137809354715339e-5	5.00000000000000000e0	4.99999999999999467e0	0.00000000000000000e0	3.32691944657237570e0	3.41407805362819294e0
GROUP	8	23665434	5.23381803995568884e-1	9.61713831266058179e1	-1.05378055139652815e0	-8.36761416727134133e0	3.76155004501536325e2	3.76209197638385149e2	8.36760501693385628e0	3.76340515676183657e2	3.77643318742726990e2	-1.13137809642265610e-5	5.00000000000000000e0	4.99999999999999467e0	0.00000000000000000e0	3.32691944657237659e0	3.41407805362728656e0
GROUP	8	23665435	5.23381803995568884e-1	9.61713831270112394e1	-1.05378055099110668e0	-8.36761420731064476e0	3.76155004501536496e2	3.76209197638385319e2	8.36760501686900504e0	3.76340515676182918e2	3.77643318742725342e2	-1.13137809768904642e-5	5.00000000000000000e0	4.99999999999999467e0	0.00000000000000000e0	3.32691944657237570e0	3.41407805362687711e0
GROUP	8	23665436	5.23381803995568884e-1	9.61713831267111203e1	-1.05378055129122572e0	-8.36761413581199953e0	3.76155004501536609e2	3.76209197638385433e2	8.36760501678475066e0	3.76340515676182065e2	3.77643318742723295e2	-1.13137809920970908e-5	5.00000000000000000e0	4.99999999999999467e0	0.00000000000000000e0	3.32691944657237526e0	3.41407805362634376e0
RIGHT	8	23665437	5.23381803995568995e-1	9.61713831285264718e1	-1.05378054947190947e0	-8.36761414967094375e0	3.76155004501536837e2	3.76209197638385660e2	8.36760501661624012e0	3.76340515676180019e2	3.77643318742719146e2	-1.13137810216509174e-5	5.00000000000000000e0	4.99999999999999467e0	0.00000000000000000e0	3.32691944657237526e0	3.41407805362527661e0
LEFT	9	23666988	5.23412763425898375e-1	9.45456925234620513e1	-1.04945473281343027e0	-8.19237951288598865e0	3.76135685895225322e2	3.76189876248817598e2	8.19237024681926052e0	3.76318594905424845e2	3.77618879245450387e2	-4.38968604225254760e-6	5.00000000000000000e0	4.99999999999999467e0	0.00000000000000000e0	3.32672608794305358e0	3.37185036386933534e0
GROUP	9	23666989	5.23412763425898486e-1	9.45456925240631563e1	-1.04945473221232533e0	-8.19237954308099070e0	3.76135685895225492e2	3.76189876248817768e2	8.19237024669050662e0	3.76318594905423367e2	3.77618879245447033e2	-4.38968607086495040e-6	5.00000000000000000e0	4.99999999999999467e0	0.00000000000000000e0	3.32672608794305269e0	3.37185036386851067e0
GROUP	9	23666990	5.23412763425898486e-1	9.45456925182440813e1	-1.04945473803140032e0	-8.19237954056248441e0	3.76135685895225549e2	3.76189876248817825e2	8.19237024662185220e0	3.76318594905422458e2	3.77618879245445157e2	-4.38968608671743713e-6	5.00000000000000000e0	4.99999999999999467e0	0.00000000000000000e0	3.32672608794305269e0	3.37185036386807102e0
GROUP	9	23666991	5.23412763425898486e-1	9.45456925221618008e1	-1.04945473411368084e0	-8.19237956618550989e0	3.76135685895225606e2	3.76189876248817882e2	8.19237024653444834e0	3.76318594905421151e2	3.77618879245442884e2	-4.38968610564108491e-6	5.00000000000000000e0	4.99999999999999467e0	0.00000000000000000e0	3.32672608794305269e0	3.37185036386751147e0
RIGHT	9	23666992	5.23412763425898597e-1	9.45456925207616052e1	-1.04945473550590407e0	-8.19237950412906102e0	3.76135685895225834e2	3.76189876248818109e2	8.19237024635964062e0	3.76318594905418706e2	3.77618879245438279e2	-4.38968614585634492e-6	5.00000000000000000e0	4.99999999999999467e0	0.00000000000000000e0	3.32672608794305225e0	3.37185036386639281e0
LEFT	10	23667773	5.23428247286363946e-1	9.37284533203695105e1	-1.04656851684596575e0	-8.07585792957349291e0	3.76125633036857437e2	3.76179821942121464e2	8.07584859120094301e0	3.76306818708847061e2	3.77605419103004635e2	-2.10655652808065505e-6	5.00000000000000000e0	4.99999999999999467e0	0.00000000000000000e0	3.32663046260308848e0	3.34654501809954885e0
GROUP	10	23667774	5.23428247286364057e-1	9.37284533202308978e1	-1.04656851697656350e0	-8.07585796251857246e0	3.76125633036857664e2	3.76179821942121691e2	8.07584859104176545e0	3.76306818708845299e2	3.77605419103000258e2	-2.10655656673123642e-6	5.00000000000000000e0	4.99999999999999467e0	0.00000000000000000e0	3.32663046260308803e0	3.34654501809851279e0
GROUP	10	23667775	5.23428247286364057e-1	9.37284533188917095e1	-1.04656851831575182e0	-8.07585798240038777e0	3.76125633036857721e2	3.76179821942121748e2	8.07584859097042340e0	3.76306818708844446e2	3.77605419102998383e2	-2.10655658368531702e-6	5.00000000000000000e0	4.99999999999999467e0	0.00000000000000000e0	3.32663046260308759e0	3.34654501809804739e0
RIGHT	10	23667776	5.23428247286364168e-1	9.37284533224749339e1	-1.04656851472853418e0	-8.07585792070521968e0	3.76125633036857664e2	3.76179821942121691e2	8.07584859088047047e0	3.76306818708843309e2	3.77605419102995995e2	-2.10655660498149646e-6	5.00000000000000000e0	4.99999999999999467e0	0.00000000000000000e0	3.32663046260308670e0	3.34654501809746030e0
LEFT	11	24221815	5.34984585480761998e-1	9.78859425439067650e1	-1.06500426227694334e0	-8.82546077849161392e0	3.72514664675897734e2	3.72568333344290750e2	8.82544978388272305e0	3.72706319329643975e2	3.74015629851388155e2	-1.04899099499094175e-5	5.00000000000000000e0	4.99999999999999467e0	0.00000000000000000e0	3.33378489838490655e0	3.42171274202130737e0
GROUP	11	24221816	5.34984585480762109e-1	9.78859425425957141e1	-1.06500426359582434e0	-8.82546081029272678e0	3.72514664675898075e2	3.72568333344291091e2	8.82544978373326394e0	3.72706319329642099e2	3.74015629851384347e2	-1.04899099773874560e-5	5.00000000000000000e0	4.99999999999999467e0	0.00000000000000000e0	3.33378489838490788e0	3.42171274202067321e0
GROUP	11	24221817	5.34984585480762109e-1	9.78859425446784144e1	-1.06500426151312411e0	-8.82546078829539127e0	3.72514664675898302e2	3.72568333344291318e2	8.82544978365438482e0	3.72706319329641019e2	3.74015629851382243e2	-1.04899099934112966e-5	5.00000000000000000e0	4.99999999999999467e0	0.00000000000000000e0	3.33378489838490788e0	3.42171274202033970e0
RIGHT	11	24221818	5.34984585480762220e-1	9.78859425439057702e1	-1.06500426228969047e0	-8.82546075748496506e0	3.72514664675898530e2	3.72568333344291545e2	8.82544978355219989e0	3.72706319329639655e2	3.74015629851379401e2	-1.04899100149478462e-5	5.00000000000000000e0	4.99999999999999467e0	0.00000000000000000e0	3.33378489838490744e0	3.42171274201990760e0
LEFT	12	24480370	5.40050138157023518e-1	9.60847550382544853e1	-1.05295038654631412e0	-8.33393059936279457e0	3.77314239849174783e2	3.77368599998555908e2	8.33392138369177715e0	3.77499431456747743e2	3.78801751628117188e2	-8.13957818858729880e-6	5.00000000000000000e0	4.99999999999999467e0	0.00000000000000000e0	3.33208705712317910e0	3.41423939182738945e0
GROUP	12	24480371	5.40050138157023629e-1	9.60847550393370113e1	-1.05295038545587261e0	-8.33393059440915351e0	3.77314239849175067e2	3.77368599998556192e2	8.33392138353713818e0	3.77499431456745924e2	3.78801751628112925e2	-8.13957822234784335e-6	5.00000000000000000e0	4.99999999999999467e0	0.00000000000000000e0	3.33208705712317865e0	3.41423939182636493e0
GROUP	12	24480372	5.40050138157023629e-1	9.60847550356173485e1	-1.05295038917553541e0	-8.33393053884051582e0	3.77314239849175124e2	3.77368599998556249e2	8.33392138345558564e0	3.77499431456745072e2	3.78801751628110537e2	-8.13957824069164625e-6	5.00000000000000000e0	4.99999999999999467e0	0.00000000000000000e0	3.33208705712317776e0	3.41423939182582359e0
RIGHT	12	24480373	5.40050138157023740e-1	9.60847550351588922e1	-1.05295038962610477e0	-8.33393064267242423e0	3.77314239849175124e2	3.77368599998556249e2	8.33392138334982313e0	3.77499431456744048e2	3.78801751628107695e2	-8.13957826365788074e-6	5.00000000000000000e0	4.99999999999999467e0	0.00000000000000000e0	3.33208705712317643e0	3.41423939182512148e0
LEFT	13	24481151	5.40065628339567727e-1	9.52731176078836910e1	-1.05031490969942354e0	-8.22716820594912157e0	3.77304545700503297e2	3.77358904453235880e2	8.22715895465763580e0	3.77488169518970039e2	3.78788955189391856e2	-8.19170610276889603e-6	5.00000000000000000e0	4.99999999999999467e0	0.00000000000000000e0	3.33198887771197327e0	3.38692281369509418e0
GROUP	13	24481152	5.40065628339567838e-1	9.52731176073850605e1	-1.05031491019012435e0	-8.22716823112581253e0	3.77304545700503525e2	3.77358904453236107e2	8.22715895453329615e0	3.77488169518968448e2	3.78788955189388332e2	-8.19170613037662035e-6	5.00000000000000000e0	4.99999999999999467e0	0.00000000000000000e0	3.33198887771197239e0	3.38692281369426951e0
GROUP	13	24481153	5.40065628339567838e-1	9.52731176054974895e1	-1.05031491207769534e0	-8.22716820178709440e0	3.77304545700503638e2	3.77358904453236221e2	8.22715895446687639e0	3.77488169518967652e2	3.78788955189386684e2	-8.19170614290441890e-6	5.00000000000000000e0	4.99999999999999467e0	0.00000000000000000e0	3.33198887771197194e0	3.38692281369382941e0
GROUP	13	24481154	5.40065628339567838e-1	9.52731176076390511e1	-1.05031490993613374e0	-8.22716824866919438e0	3.77304545700503695e2	3.77358904453236278e2	8.22715895438264333e0	3.77488169518966743e2	3.78788955189384467e2	-8.19170615970498707e-6	5.00000000000000000e0	4.99999999999999467e0	0.00000000000000000e0	3.33198887771197150e0	3.38692281369327164e0
RIGHT	13	24481155	5.40065628339567949e-1	9.52731176061619607e1	-1.05031491140924516e0	-8.22716824342924724e0	3.77304545700503866e2	3.77358904453236448e2	8.22715895421417898e0	3.77488169518964639e2	3.78788955189379806e2	-8.19170619783060579e-6	5.00000000000000000e0	4.99999999999999467e0	0.00000000000000000e0	3.33198887771197017e0	3.38692281369215253e0
LEFT	14	24888449	5.48392061315152946e-1	-3.54125872548365583e0	9.31453124803595358e1	8.30372939822365197e0	3.77842429926219097e2	3.77896866172626119e2	8.30372013922738361e0	3.78027281898962258e2	3.79329168597117416e2	-1.00554301816942447e-5	5.00000000000000000e0	4.99999999999999467e0	0.00000000000000000e0	3.33440157340270860e0	3.40613006059438028e0
GROUP	14	24888450	5.48392061315153057e-1	-3.54125872386107776e0	9.31453124819781664e1	8.30372939894976980e0	3.77842429926219268e2	3.77896866172626289e2	8.30372013911629736e0	3.78027281898961007e2	3.79329168597114631e2	-1.00554302021361652e-5	5.00000000000000000e0	4.99999999999999467e0	0.00000000000000000e0	3.33440157340270726e0	3.40613006059364087e0
GROUP	14	24888451	5.48392061315153057e-1	-3.54125872714285972e0	9.31453124786963826e1	8.30372939815771360e0	3.77842429926219381e2	3.77896866172626403e2	8.30372013905656026e0	3.78027281898960268e2	3.79329168597113210e2	-1.00554302125588599e-5	5.00000000000000000e0	4.99999999999999467e0	0.00000000000000000e0	3.33440157340270771e0	3.40613006059324386e0
GROUP	14	24888452	5.48392061315153057e-1	-3.54125872354033433e0	9.31453124822989054e1	8.30372939695388368e0	3.77842429926219438e2	3.77896866172626460e2	8.30372013898176142e0	3.78027281898959245e2	3.79329168597111334e2	-1.00554302270582818e-5	5.00000000000000000e0	4.99999999999999467e0	0.00000000000000000e0	3.33440157340270860e0	3.40613006059274648e0
RIGHT	14	24888453	5.48392061315153168e-1	-3.54125872396491781e0	9.31453124818663980e1	8.30372939895499940e0	3.77842429926219609e2	3.77896866172626630e2	8.30372013883216553e0	3.78027281898957312e2	3.79329168597107468e2	-1.00554302564447007e-5	5.00000000000000000e0	4.99999999999999467e0	0.00000000000000000e0	3.33440157340270860e0	3.40613006059174950e0
LEFT	15	25036523	5.51652915786260745e-1	9.79711831336130814e1	-1.06621441129169625e0	-8.87509005763725511e0	3.73600690336985053e2	3.73654515470496392e2	8.87507903494418571e0	3.73793238238822823e2	3.75103248111330004e2	-5.97959777900799259e-6	5.00000000000000000e0	4.99999999999999467e0	0.00000000000000000e0	3.33857538323392999e0	3.42580454933340839e0
GROUP	15	25036524	5.51652915786260856e-1	9.79711831317784316e1	-1.06621441313416199e0	-8.87509005924118277e0	3.73600690336985338e2	3.73654515470496676e2	8.87507903483496285e0	3.73793238238821630e2	3.75103248111327332e2	-5.97959780161835720e-6	5.00000000000000000e0	4.99999999999999467e0	0.00000000000000000e0	3.33857538323393088e0	3.42580454933295453e0
GROUP	15	25036525	5.51652915786260856e-1	9.79711831340080863e1	-1.06621441090450730e0	-8.87509012540442122e0	3.73600690336985451e2	3.73654515470496790e2	8.87507903477629334e0	3.73793238238821004e2	3.75103248111325968e2	-5.97959781279668912e-6	5.00000000000000000e0	4.99999999999999467e0	0.00000000000000000e0	3.33857538323393177e0	3.42580454933270939e0
GROUP	15	25036526	5.51652915786260856e-1	9.79711831358504952e1	-1.06621440906209841e0	-8.87509006128706801e0	3.73600690336985451e2	3.73654515470496790e2	8.87507903470276815e0	3.73793238238820265e2	3.75103248111324262e2	-5.97959782665642327e-6	5.00000000000000000e0	4.99999999999999467e0	0.00000000000000000e0	3.33857538323393177e0	3.42580454933240208e0
RIGHT	15	25036527	5.51652915786260967e-1	9.79711831335768579e1	-1.06621441133573569e0	-8.87509008685804446e0	3.73600690336985508e2	3.73654515470496847e2	8.87507903455571601e0	3.73793238238818731e2	3.75103248111320909e2	-5.97959785514845422e-6	5.00000000000000000e0	4.99999999999999467e0	0.00000000000000000e0	3.33857538323393133e0	3.42580454933179057e0
LEFT	16	25295368	5.56726220678670725e-1	9.55914223310424660e1	-1.05171258084354236e0	-8.28375497060265076e0	3.78361789477154502e2	3.78416300548362130e2	8.28374568891169361e0	3.78546411979396680e2	3.79848011723875061e2	-5.79609184464750410e-6	5.00000000000000000e0	4.99999999999999467e0	0.00000000000000000e0	3.33676879558812089e0	3.40255266972715731e0
GROUP	16	25295369	5.56726220678670836e-1	9.55914223304529145e1	-1.05171258142516422e0	-8.28375498876486738e0	3.78361789477154730e2	3.78416300548362358e2	8.28374568876526141e0	3.78546411979394748e2	3.79848011723871139e2	-5.79609187685157309e-6	5.00000000000000000e0	4.99999999999999467e0	0.00000000000000000e0	3.33676879558812134e0	3.40255266972617054e0
GROUP	16	25295370	5.56726220678670836e-1	9.55914223256336157e1	-1.05171258624446295e0	-8.28375497205759359e0	3.78361789477154787e2	3.78416300548362415e2	8.28374568868773586e0	3.78546411979393895e2	3.79848011723868979e2	-5.79609189634729421e-6	5.00000000000000000e0	4.99999999999999467e0	0.00000000000000000e0	3.33676879558812089e0	3.40255266972564696e0
RIGHT	16	25295371	5.56726220678670947e-1	9.55914223274694308e1	-1.05171258440469728e0	-8.28375498082773376e0	3.78361789477154787e2	3.78416300548362415e2	8.28374568858778382e0	3.78546411979392872e2	3.79848011723866136e2	-5.79609192133951717e-6	5.00000000000000000e0	4.99999999999999467e0	0.00000000000000000e0	3.33676879558811956e0	3.40255266972497328e0
LEFT	17	25444295	5.60002599978957516e-1	-3.76528913047435010e0	9.61197000392075580e1	8.99467107265303412e0	3.74104071455785686e2	3.74157969112064279e2	8.99466008627554814e0	3.74298493652917500e2	3.75610183975188875e2	-1.21377752048901998e-5	5.00000000000000000e0	4.99999999999999467e0	0.00000000000000000e0	3.34103848737852083e0	3.46513953495951643e0
GROUP	17	25444296	5.60002599978957627e-1	-3.76528913155663725e0	9.61197000381330611e1	8.99467106937908056e0	3.74104071455785913e2	3.74157969112064507e2	8.99466008616296975e0	3.74298493652916193e2	3.75610183975185862e2	-1.21377752256398778e-5	5.00000000000000000e0	4.99999999999999467e0	0.00000000000000000e0	3.34103848737852083e0	3.46513953495902527e0
GROUP	17	25444297	5.60002599978957627e-1	-3.76528913036784507e0	9.61197000393218559e1	8.99467106960150886e0	3.74104071455785970e2	3.74157969112064563e2	8.99466008610266776e0	3.74298493652915397e2	3.75610183975184384e2	-1.21377752349722683e-5	5.00000000000000000e0	4.99999999999999467e0	0.00000000000000000e0	3.34103848737852083e0	3.46513953495876148e0
GROUP	17	25444298	5.60002599978957627e-1	-3.76528913151896960e0	9.61197000381707340e1	8.99467107077919081e0	3.74104071455785970e2	3.74157969112064563e2	8.99466008602682621e0	3.74298493652914487e2	3.75610183975182395e2	-1.21377752485220815e-5	5.00000000000000000e0	4.99999999999999467e0	0.00000000000000000e0	3.34103848737852083e0	3.46513953495842975e0
RIGHT	17	25444299	5.60002599978957738e-1	-3.76528912970159668e0	9.61197000399919972e1	8.99467106981853703e0	3.74104071455786141e2	3.74157969112064734e2	8.99466008587514487e0	3.74298493652912668e2	3.75610183975178472e2	-1.21377752766760286e-5	5.00000000000000000e0	4.99999999999999467e0	0.00000000000000000e0	3.34103848737852083e0	3.46513953495776583e0
LEFT	18	25702652	5.65060392157907820e-1	-3.53716398442782953e0	9.30618879567525426e1	8.29110794937338369e0	3.78842001639506236e2	3.78896581895499708e2	8.29109864766193283e0	3.79026813755410615e2	3.80328519157664402e2	-5.54304924329554856e-6	5.00000000000000000e0	4.99999999999999467e0	0.00000000000000000e0	3.33914656050045977e0	3.40002781333993775e0
GROUP	18	25702653	5.65060392157907931e-1	-3.53716398509056162e0	9.30618879560898193e1	8.29110795072006113e0	3.78842001639506520e2	3.78896581895499992e2	8.29109864750429715e0	3.79026813755408625e2	3.80328519157660082e2	-5.54304927888331682e-6	5.00000000000000000e0	4.99999999999999467e0	0.00000000000000000e0	3.33914656050045933e0	3.40002781333888171e0
GROUP	18	25702654	5.65060392157907931e-1	-3.53716398528191878e0	9.30618879558984560e1	8.29110794875867896e0	3.78842001639506520e2	3.78896581895499992e2	8.29109864742123115e0	3.79026813755407602e2	3.80328519157657752e2	-5.54304929754901172e-6	5.00000000000000000e0	4.99999999999999467e0	0.00000000000000000e0	3.33914656050045844e0	3.40002781333832438e0
RIGHT	18	25702655	5.65060392157908042e-1	-3.53716398401793386e0	9.30618879571584898e1	8.29110794890601710e0	3.78842001639506520e2	3.78896581895499992e2	8.29109864731338320e0	3.79026813755406238e2	3.80328519157654910e2	-5.54304932103262749e-6	5.00000000000000000e0	4.99999999999999467e0	0.00000000000000000e0	3.33914656050045711e0	3.40002781333760185e0
LEFT	19	25851158	5.68329011313283394e-1	9.84588683882216742e1	-1.06776137967609941e0	-8.93860512954227815e0	3.74581469519951952e2	3.74635435955585649e2	8.93859411806711002e0	3.74775122690605428e2	3.76086025936273700e2	-7.61171290319814918e-6	5.00000000000000000e0	4.99999999999999467e0	0.00000000000000000e0	3.34347068653974899e0	3.44065283805716726e0
GROUP	19	25851159	5.68329011313283505e-1	9.84588683858326448e1	-1.06776138207294480e0	-8.93860517081435013e0	3.74581469519952179e2	3.74635435955585876e2	8.93859411791935443e0	3.74775122690603553e2	3.76086025936269778e2	-7.61171293407592128e-6	5.00000000000000000e0	4.99999999999999467e0	0.00000000000000000e0	3.34347068653974988e0	3.44065283805654243e0
GROUP	19	25851160	5.68329011313283505e-1	9.84588683868734762e1	-1.06776138103211338e0	-8.93860520650314605e0	3.74581469519952236e2	3.74635435955585933e2	8.93859411784128710e0	3.74775122690602586e2	3.76086025936267731e2	-7.61171295008835239e-6	5.00000000000000000e0	4.99999999999999467e0	0.00000000000000000e0	3.34347068653974988e0	3.44065283805621203e0
RIGHT	19	25851161	5.68329011313283616e-1	9.84588683875796988e1	-1.06776138032981294e0	-8.93860512081058189e0	3.74581469519952293e2	3.74635435955585990e2	8.93859411774032253e0	3.74775122690601336e2	3.76086025936265173e2	-7.61171296894361496e-6	5.00000000000000000e0	4.99999999999999467e0	0.00000000000000000e0	3.34347068653974944e0	3.44065283805578570e0
LEFT	20	25851556	5.68336778606920778e-1	9.88599809808272596e1	-1.06872345562057092e0	-8.97814651116378926e0	3.74577370669021377e2	3.74631336514128350e2	8.97813551549086419e0	3.74771636472811110e2	3.76083094963992778e2	-1.39724181277636727e-5	5.00000000000000000e0	4.99999999999999467e0	0.00000000000000000e0	3.34353172957827338e0	3.45717835194668766e0
GROUP	20	25851557	5.68336778606920889e-1	9.88599809787214809e1	-1.06872345773024335e0	-8.97814648656328984e0	3.74577370669021718e2	3.74631336514128691e2	8.97813551532139442e0	3.74771636472809007e2	3.76083094963988117e2	-1.39724181585806744e-5	5.00000000000000000e0	4.99999999999999467e0	0.00000000000000000e0	3.34353172957827427e0	3.45717835194594869e0
GROUP	20	25851558	5.68336778606920889e-1	9.88599809797832307e1	-1.06872345666849355e0	-8.97814655526648409e0	3.74577370669021889e2	3.74631336514128861e2	8.97813551523764630e0	3.74771636472808098e2	3.76083094963985729e2	-1.39724181744560996e-5	5.00000000000000000e0	4.99999999999999467e0	0.00000000000000000e0	3.34353172957827427e0	3.45717835194558321e0
RIGHT	20	25851559	5.68336778606921000e-1	9.88599809791848685e1	-1.06872345727465756e0	-8.97814646452151166e0	3.74577370669022116e2	3.74631336514129089e2	8.97813551512687091e0	3.74771636472807018e2	3.76083094963982660e2	-1.39724181936325850e-5	5.00000000000000000e0	4.99999999999999467e0	0.00000000000000000e0	3.34353172957827383e0	3.45717835194510048e0
LEFT	21	25851958	5.68344524456195432e-1	9.92590274377080277e1	-1.06978832210725727e0	-9.02194860486948258e0	3.74573342321795110e2	3.74627307586532879e2	9.02193767430882154e0	3.74768248541609694e2	3.76080321288327241e2	-1.39187198922724109e-5	5.00000000000000000e0	4.99999999999999467e0	0.00000000000000000e0	3.34359267034188523e0	3.47240755822655700e0
GROUP	21	25851959	5.68344524456195543e-1	9.92590274383373412e1	-1.06978832148182335e0	-9.02194863302725025e0	3.74573342321795394e2	3.74627307586533163e2	9.02193767416174630e0	3.74768248541607875e2	3.76080321288323432e2	-1.39187199177031606e-5	5.00000000000000000e0	4.99999999999999467e0	0.00000000000000000e0	3.34359267034188656e0	3.47240755822590375e0
GROUP	21	25851960	5.68344524456195543e-1	9.92590274357404923e1	-1.06978832407867230e0	-9.02194867033985837e0	3.74573342321795508e2	3.74627307586533277e2	9.02193767408773262e0	3.74768248541606852e2	3.76080321288321556e2	-1.39187199306820211e-5	5.00000000000000000e0	4.99999999999999467e0	0.00000000000000000e0	3.34359267034188656e0	3.47240755822557556e0
RIGHT	21	25851961	5.68344524456195654e-1	9.92590274395835621e1	-1.06978832024338999e0	-9.02194860534113019e0	3.74573342321795508e2	3.74627307586533277e2	9.02193767399197810e0	3.74768248541605658e2	3.76080321288319169e2	-1.39187199475119271e-5	5.00000000000000000e0	4.99999999999999467e0	0.00000000000000000e0	3.34359267034188612e0	3.47240755822515013e0
LEFT	22	26110644	5.73402305947943169e-1	9.50969325066784137e1	-1.05026930635780502e0	-8.22532311464986243e0	3.79288851183494103e2	3.79343495817677990e2	8.22531377289587873e0	3.79472766268520616e2	3.80773525366668764e2	-4.28828732046179203e-6	5.00000000000000000e0	4.99999999999999467e0	0.00000000000000000e0	3.34177576215705896e0	3.38246140543106133e0
GROUP	22	26110645	5.73402305947943280e-1	9.50969325077376055e1	-1.05026930529066931e0	-8.22532313210076893e0	3.79288851183494330e2	3.79343495817678217e2	8.22531377276196629e0	3.79472766268518797e2	3.80773525366665126e2	-4.28828735114243161e-6	5.00000000000000000e0	4.99999999999999467e0	0.00000000000000000e0	3.34177576215705763e0	3.38246140543015761e0
GROUP	22	26110646	5.73402305947943280e-1	9.50969325065432685e1	-1.05026930648500638e0	-8.22532314280500643e0	3.79288851183494330e2	3.79343495817678217e2	8.22531377269067399e0	3.79472766268518001e2	3.80773525366663250e2	-4.28828736662923981e-6	5.00000000000000000e0	4.99999999999999467e0	0.00000000000000000e0	3.34177576215705630e0	3.38246140542967666e0
RIGHT	22	26110647	5.73402305947943391e-1	9.50969325064907736e1	-1.05026930653352224e0	-8.22532316660208451e0	3.79288851183494273e2	3.79343495817678161e2	8.22531377259963214e0	3.79472766268516978e2	3.80773525366660976e2	-4.28828738543523980e-6	5.00000000000000000e0	4.99999999999999467e0	0.00000000000000000e0	3.34177576215705496e0	3.38246140542906248e0
LEFT	23	26258788	5.76663184460467937e-1	-3.76013007752703743e0	9.58100139391564909e1	8.97875143366849215e0	3.75026929643511266e2	3.75080960257159745e2	8.97874038584285650e0	3.75221253982142628e2	3.76532720961614473e2	-7.84683346781713813e-6	5.00000000000000000e0	4.99999999999999467e0	0.00000000000000000e0	3.34623660846235182e0	3.44930553194535650e0
GROUP	23	26258789	5.76663184460468048e-1	-3.76013007765203078e0	9.58100139390353860e1	8.97875143241037676e0	3.75026929643511551e2	3.75080960257160029e2	8.97874038568265220e0	3.75221253982140865e2	3.76532720961610437e2	-7.84683349937639821e-6	5.00000000000000000e0	4.99999999999999467e0	0.00000000000000000e0	3.34623660846235271e0	3.44930553194467571e0
GROUP	23	26258790	5.76663184460468048e-1	-3.76013007668923693e0	9.58100139399981856e1	8.97875143358538708e0	3.75026929643511664e2	3.75080960257160143e2	8.97874038559846177e0	3.75221253982139956e2	3.76532720961608391e2	-7.84683351526423247e-6	5.00000000000000000e0	4.99999999999999467e0	0.00000000000000000e0	3.34623660846235316e0	3.44930553194431821e0
RIGHT	23	26258791	5.76663184460468159e-1	-3.76013007776307884e0	9.58100139389321726e1	8.97875143313439139e0	3.75026929643511778e2	3.75080960257160257e2	8.97874038548873976e0	3.75221253982138535e2	3.76532720961605548e2	-7.84683353690181955e-6	5.00000000000000000e0	4.99999999999999467e0	0.00000000000000000e0	3.34623660846235360e0	3.44930553194385281e0
LEFT	24	26514978	5.81682289037291134e-1	-3.64701203645297767e0	9.52931310681507995e1	8.62979224847231308e0	3.79780507606609262e2	3.79835223074368400e2	8.62978309302384616e0	3.79970490002012468e2	3.81277032012757616e2	-1.28303076663739001e-5	5.00000000000000000e0	4.99999999999999467e0	0.00000000000000000e0	3.34484829051127397e0	3.47590830797473327e0
GROUP	24	26514979	5.81682289037291245e-1	-3.64701203541644237e0	9.52931310691794948e1	8.62979224946241175e0	3.79780507606609433e2	3.79835223074368571e2	8.62978309290244106e0	3.79970490002010763e2	3.81277032012754262e2	-1.28303076885183754e-5	5.00000000000000000e0	4.99999999999999467e0	0.00000000000000000e0	3.34484829051127353e0	3.47590830797393568e0
GROUP	24	26514980	5.81682289037291245e-1	-3.64701203476154046e0	9.52931310698343879e1	8.62979224608488948e0	3.79780507606609547e2	3.79835223074368685e2	8.62978309283863254e0	3.79970490002009967e2	3.81277032012752500e2	-1.28303077009252482e-5	5.00000000000000000e0	4.99999999999999467e0	0.00000000000000000e0	3.34484829051127397e0	3.47590830797351780e0
GROUP	24	26514981	5.81682289037291245e-1	-3.64701203692938503e0	9.52931310676665504e1	8.62979224925527433e0	3.79780507606609603e2	3.79835223074368741e2	8.62978309275770883e0	3.79970490002009171e2	3.81277032012750396e2	-1.28303077154236011e-5	5.00000000000000000e0	4.99999999999999467e0	0.00000000000000000e0	3.34484829051127397e0	3.47590830797298800e0
RIGHT	24	26514982	5.81682289037291356e-1	-3.64701203630137316e0	9.52931310682906343e1	8.62979224734527861e0	3.79780507606609717e2	3.79835223074368855e2	8.62978309259586673e0	3.79970490002007182e2	3.81277032012746247e2	-1.28303077431024271e-5	5.00000000000000000e0	4.99999999999999467e0	0.00000000000000000e0	3.34484829051127130e0	3.47590830797192529e0
LEFT	25	26516925	5.81721000655956666e-1	-3.56674466472425467e0	9.33507242686570606e1	8.38229234039636140e0	3.79756975027909732e2	3.79811687105299882e2	8.38228302931761604e0	3.79943302533275642e2	3.81246315847019957e2	-8.59129271678809095e-6	5.00000000000000000e0	4.99999999999999467e0	0.00000000000000000e0	3.34460111105826785e0	3.41180088821577687e0
GROUP	25	26516926	5.81721000655956777e-1	-3.56674466560507053e0	9.33507242677722928e1	8.38229233980172239e0	3.79756975027909903e2	3.79811687105300052e2	8.38228302920444790e0	3.79943302533274277e2	3.81246315847016831e2	-8.59129274182937151e-6	5.00000000000000000e0	4.99999999999999467e0	0.00000000000000000e0	3.34460111105826741e0	3.41180088821503524e0
GROUP	25	26516927	5.81721000655956777e-1	-3.56674466653228439e0	9.33507242668450772e1	8.38229233849233424e0	3.79756975027909903e2	3.79811687105300052e2	8.38228302914374801e0	3.79943302533273425e2	3.81246315847015239e2	-8.59129275434805430e-6	5.00000000000000000e0	4.99999999999999467e0	0.00000000000000000e0	3.34460111105826741e0	3.41180088821463690e0
GROUP	25	26516928	5.81721000655956777e-1	-3.56674466717123906e0	9.33507242662061287e1	8.38229234155562608e0	3.79756975027909846e2	3.79811687105299995e2	8.38228302906759026e0	3.79943302533272458e2	3.81246315847013022e2	-8.59129277087300641e-6	5.00000000000000000e0	4.99999999999999467e0	0.00000000000000000e0	3.34460111105826741e0	3.41180088821413730e0
RIGHT	25	26516929	5.81721000655956888e-1	-3.56674466608343854e0	9.33507242672860116e1	8.38229234011396329e0	3.79756975027910073e2	3.79811687105300223e2	8.38228302891527122e0	3.79943302533270639e2	3.81246315847008646e2	-8.59129280403102762e-6	5.00000000000000000e0	4.99999999999999467e0	0.00000000000000000e0	3.34460111105826607e0	3.41180088821313898e0
LEFT	26	26517714	5.81736474561527328e-1	-3.53134755415577661e0	9.25718142709444720e1	8.27318011375280093e0	3.79747053877389476e2	3.79801764525426677e2	8.27317073804838365e0	3.79931750710116660e2	3.81233198450926295e2	-2.90999874377510913e-6	5.00000000000000000e0	4.99999999999999467e0	0.00000000000000000e0	3.34450352781571203e0	3.38377106344692136e0
GROUP	26	26517715	5.81736474561527439e-1	-3.53134755375752230e0	9.25718142713387380e1	8.27318011139902865e0	3.79747053877389646e2	3.79801764525426847e2	8.27317073792031010e0	3.79931750710115125e2	3.81233198450922885e2	-2.90999877359155445e-6	5.00000000000000000e0	4.99999999999999467e0	0.00000000000000000e0	3.34450352781571114e0	3.38377106344607936e0
GROUP	26	26517716	5.81736474561527439e-1	-3.53134755374913523e0	9.25718142713471366e1	8.27318011580007351e0	3.79747053877389646e2	3.79801764525426847e2	8.27317073785186530e0	3.79931750710114329e2	3.81233198450921122e2	-2.90999878966319740e-6	5.00000000000000000e0	4.99999999999999467e0	0.00000000000000000e0	3.34450352781571114e0	3.38377106344563039e0
GROUP	26	26517717	5.81736474561527439e-1	-3.53134755500667774e0	9.25718142700895896e1	8.27318011332067726e0	3.79747053877389646e2	3.79801764525426847e2	8.27317073776493217e0	3.79931750710113420e2	3.81233198450918735e2	-2.90999881030932225e-6	5.00000000000000000e0	4.99999999999999467e0	0.00000000000000000e0	3.34450352781571114e0	3.38377106344506018e0
RIGHT	26	26517718	5.81736474561527550e-1	-3.53134755366242947e0	9.25718142714258789e1	8.27318011257852959e0	3.79747053877389817e2	3.79801764525427018e2	8.27317073759106414e0	3.79931750710111373e2	3.81233198450913903e2	-2.90999885038221975e-6	5.00000000000000000e0	4.99999999999999467e0	0.00000000000000000e0	3.34450352781571070e0	3.38377106344391887e0
LEFT	27	26664585	5.84974109729518577e-1	9.73412923659725919e1	-1.06439080273507614e0	-8.80032142887370838e0	3.75491177285954393e2	3.75545274784359719e2	8.80031025368240805e0	3.75682941627156765e2	3.76991897461955489e2	-4.88746935994526222e-6	5.00000000000000000e0	4.99999999999999467e0	0.00000000000000000e0	3.34862996075083919e0	3.40554379011646269e0
GROUP	27	26664586	5.84974109729518688e-1	9.73412923678125992e1	-1.06439080090292748e0	-8.80032142018390218e0	3.75491177285954677e2	3.75545274784360004e2	8.80031025351754614e0	3.75682941627155003e2	3.76991897461951169e2	-4.88746939621770923e-6	5.00000000000000000e0	4.99999999999999467e0	0.00000000000000000e0	3.34862996075084007e0	3.40554379011574149e0
GROUP	27	26664587	5.84974109729518688e-1	9.73412923650577113e1	-1.06439080365781535e0	-8.80032140140740538e0	3.75491177285954791e2	3.75545274784360117e2	8.80031025343302886e0	3.75682941627154094e2	3.76991897461949065e2	-4.88746941344879205e-6	5.00000000000000000e0	4.99999999999999467e0	0.00000000000000000e0	3.34862996075084052e0	3.40554379011537156e0
RIGHT	27	26664588	5.84974109729518799e-1	9.73412923636579848e1	-1.06439080506540051e0	-8.80032143614634599e0	3.75491177285955018e2	3.75545274784360345e2	8.80031025332108285e0	3.75682941627152900e2	3.76991897461946337e2	-4.88746943601177110e-6	5.00000000000000000e0	4.99999999999999467e0	0.00000000000000000e0	3.34862996075084141e0	3.40554379011488129e0
LEFT	28	26665363	5.84989606429661801e-1	9.81447285868067354e1	-1.06701239581276752e0	-8.90784339936409530e0	3.75482483871384375e2	3.75536580117318238e2	8.90783231058988001e0	3.75675832916479806e2	3.76986303712467077e2	-6.47591780677833997e-6	5.00000000000000000e0	4.99999999999999467e0	0.00000000000000000e0	3.34875103665470331e0	3.43355613295191420e0
GROUP	28	26665364	5.84989606429661912e-1	9.81447285855944074e1	-1.06701239703291151e0	-8.90784343293841374e0	3.75482483871384602e2	3.75536580117318465e2	8.90783231043135082e0	3.75675832916477816e2	3.76986303712463155e2	-6.47591783875949106e-6	5.00000000000000000e0	4.99999999999999467e0	0.00000000000000000e0	3.34875103665470331e0	3.43355613295122053e0
GROUP	28	26665365	5.84989606429661912e-1	9.81447285855030174e1	-1.06701239712430151e0	-8.90784341282867587e0	3.75482483871384716e2	3.75536580117318579e2	8.90783231034921386e0	3.75675832916476793e2	3.76986303712461165e2	-6.47591785355728963e-6	5.00000000000000000e0	4.99999999999999467e0	0.00000000000000000e0	3.34875103665470331e0	3.43355613295086126e0
RIGHT	28	26665366	5.84989606429662024e-1	9.81447285849633460e1	-1.06701239766789513e0	-8.90784345627340457e0	3.75482483871384773e2	3.75536580117318636e2	8.90783231024132505e0	3.75675832916475542e2	3.76986303712458437e2	-6.47591787414957453e-6	5.00000000000000000e0	4.99999999999999467e0	0.00000000000000000e0	3.34875103665470375e0	3.43355613295038964e0
LEFT	29	26666532	5.85012859947597219e-1	9.93440678269365094e1	-1.07083906468633927e0	-9.06520686433640854e0	3.75470052220554805e2	3.75524146675444683e2	9.06519586405438815e0	3.75665734598217909e2	3.76978413134612026e2	-1.13216688534066393e-5	5.00000000000000000e0	4.99999999999999467e0	0.00000000000000000e0	3.34893323457166181e0	3.47725563495892809e0
GROUP	29	26666533	5.85012859947597330e-1	9.93440678248046538e1	-1.07083906682207441e0	-9.06520686540999598e0	3.75470052220555033e2	3.75524146675444911e2	9.06519586394037802e0	3.75665734598216375e2	3.76978413134608957e2	-1.13216688750563576e-5	5.00000000000000000e0	4.99999999999999467e0	0.00000000000000000e0	3.34893323457166225e0	3.47725563495842360e0
GROUP	29	26666534	5.85012859947597330e-1	9.93440678260516989e1	-1.07083906557502928e0	-9.06520687451862983e0	3.75470052220555147e2	3.75524146675445024e2	9.06519586387930509e0	3.75665734598215522e2	3.76978413134607308e2	-1.13216688868560347e-5	5.00000000000000000e0	4.99999999999999467e0	0.00000000000000000e0	3.34893323457166225e0	3.47725563495815271e0
GROUP	29	26666535	5.85012859947597330e-1	9.93440678252842417e1	-1.07083906634248649e0	-9.06520688432007127e0	3.75470052220555260e2	3.75524146675445138e2	9.06519586380240128e0	3.75665734598214499e2	3.76978413134605262e2	-1.13216689008340520e-5	5.00000000000000000e0	4.99999999999999467e0	0.00000000000000000e0	3.34893323457166270e0	3.47725563495781120e0
RIGHT	29	26666536	5.85012859947597441e-1	9.93440678267306794e1	-1.07083906490383640e0	-9.06520686131225162e0	3.75470052220555544e2	3.75524146675445422e2	9.06519586364858831e0	3.75665734598212453e2	3.76978413134601283e2	-1.13216689296071344e-5	5.00000000000000000e0	4.99999999999999467e0	0.00000000000000000e0	3.34893323457166403e0	3.47725563495712953e0
LEFT	30	27073829	5.93354782506676948e-1	-3.82634476791353340e0	9.70310326263102496e1	9.18310272529640770e0	3.75890330791978954e2	3.75944485796944946e2	9.18309176977095198e0	3.76087831009750744e2	3.77402156402200603e2	-1.24733609562479546e-5	5.00000000000000000e0	4.99999999999999467e0	0.00000000000000000e0	3.35142955981179913e0	3.50211931413563260e0
GROUP	30	27073830	5.93354782506677059e-1	-3.82634476787376121e0	9.70310326263500258e1	9.18310272556141172e0	3.75890330791979295e2	3.75944485796945287e2	9.18309176961803253e0	3.76087831009748754e2	3.77402156402196567e2	-1.24733609852793516e-5	5.00000000000000000e0	4.99999999999999467e0	0.00000000000000000e0	3.35142955981179957e0	3.50211931413496780e0
GROUP	30	27073831	5.93354782506677059e-1	-3.82634476746150343e0	9.70310326267622827e1	9.18310272471961753e0	3.75890330791979466e2	3.75944485796945457e2	9.18309176953660078e0	3.76087831009747731e2	3.77402156402194578e2	-1.24733609993734597e-5	5.00000000000000000e0	4.99999999999999467e0	0.00000000000000000e0	3.35142955981179957e0	3.50211931413461341e0
RIGHT	30	27073832	5.93354782506677170e-1	-3.82634476625529762e0	9.70310326279723654e1	9.18310272396070104e0	3.75890330791979522e2	3.75944485796945514e2	9.18309176943330741e0	3.76087831009746367e2	3.77402156402192134e2	-1.24733610160584926e-5	5.00000000000000000e0	4.99999999999999467e0	0.00000000000000000e0	3.35142955981179869e0	3.50211931413416400e0
LEFT	31	27328494	5.98342893729801317e-1	-3.65014835937477677e0	9.56048343229787321e1	8.63946495789417668e0	3.80623637530765222e2	3.80678474469340415e2	8.63945579771529992e0	3.80813906926302252e2	3.82120586229435332e2	-1.44456939869456534e-5	5.00000000000000000e0	4.99999999999999467e0	0.00000000000000000e0	3.34968985082932269e0	3.48450144003042395e0
GROUP	31	27328495	5.98342893729801428e-1	-3.65014835961000417e0	9.56048343227396060e1	8.63946495962011340e0	3.80623637530765507e2	3.80678474469340699e2	8.63945579756139814e0	3.80813906926300263e2	3.82120586229431353e2	-1.44456940137981801e-5	5.00000000000000000e0	4.99999999999999467e0	0.00000000000000000e0	3.34968985082932269e0	3.48450144002937723e0
GROUP	31	27328496	5.98342893729801428e-1	-3.65014835947062455e0	9.56048343228789861e1	8.63946496047589108e0	3.80623637530765620e2	3.80678474469340813e2	8.63945579748381398e0	3.80813906926299296e2	3.82120586229429364e2	-1.44456940270390432e-5	5.00000000000000000e0	4.99999999999999467e0	0.00000000000000000e0	3.34968985082932225e0	3.48450144002884921e0
RIGHT	31	27328497	5.98342893729801539e-1	-3.65014835952785255e0	9.56048343228139288e1	8.63946496029205946e0	3.80623637530765620e2	3.80678474469340813e2	8.63945579738368608e0	3.80813906926298046e2	3.82120586229426749e2	-1.44456940453439419e-5	5.00000000000000000e0	4.99999999999999467e0	0.00000000000000000e0	3.34968985082932136e0	3.48450144002816709e0
LEFT	32	27330424	5.98381595750199446e-1	-3.57904139749854666e0	9.36570418212706244e1	8.42020200506800620e0	3.80600058066198642e2	3.80654891607649915e2	8.42019268790770781e0	3.80787075667449642e2	3.82090631475345901e2	-7.17273132051218733e-6	5.00000000000000000e0	4.99999999999999467e0	0.00000000000000000e0	3.34944296702336652e0	3.41499992723786017e0
GROUP	32	27330425	5.98381595750199557e-1	-3.57904139660289689e0	9.36570418221583623e1	8.42020200225675808e0	3.80600058066198812e2	3.80654891607650086e2	8.42019268778290098e0	3.80787075667447994e2	3.82090631475342377e2	-7.17273134744807307e-6	5.00000000000000000e0	4.99999999999999467e0	0.00000000000000000e0	3.34944296702336564e0	3.41499992723704526e0
GROUP	32	27330426	5.98381595750199557e-1	-3.57904139696259627e0	9.36570418217986713e1	8.42020200475280944e0	3.80600058066198926e2	3.80654891607650200e2	8.42019268771621832e0	3.80787075667447141e2	3.82090631475340672e2	-7.17273136074826234e-6	5.00000000000000000e0	4.99999999999999467e0	0.00000000000000000e0	3.34944296702336519e0	3.41499992723661006e0
GROUP	32	27330427	5.98381595750199557e-1	-3.57904139542146726e0	9.36570418233397959e1	8.42020200285367082e0	3.80600058066199040e2	3.80654891607650313e2	8.42019268763169570e0	3.80787075667446118e2	3.82090631475338796e2	-7.17273137702665163e-6	5.00000000000000000e0	4.99999999999999467e0	0.00000000000000000e0	3.34944296702336519e0	3.41499992723605850e0
RIGHT	32	27330428	5.98381595750199669e-1	-3.57904139708566449e0	9.36570418216716547e1	8.42020200445961109e0	3.80600058066199267e2	3.80654891607650541e2	8.42019268746264693e0	3.80787075667444128e2	3.82090631475334533e2	-7.17273141265446676e-6	5.00000000000000000e0	4.99999999999999467e0	0.00000000000000000e0	3.34944296702336475e0	3.41499992723495582e0
LEFT	33	27479185	6.01657949762675393e-1	9.82300134455197167e1	-1.06873649693041273e0	-8.97868266715331487e0	3.76308771324117345e2	3.76362986614350689e2	8.97867157474819777e0	3.76503306328620909e2	3.77814772343795482e2	-5.98955888189022192e-6	5.00000000000000000e0	4.99999999999999467e0	0.00000000000000000e0	3.35362388133975164e0	3.44279710768052727e0
GROUP	33	27479186	6.01657949762675504e-1	9.82300134439747410e1	-1.06873649848320440e0	-8.97868273656285609e0	3.76308771324117572e2	3.76362986614350916e2	8.97867157463514864e0	3.76503306328619374e2	3.77814772343792811e2	-5.98955890295588727e-6	5.00000000000000000e0	4.99999999999999467e0	0.00000000000000000e0	3.35362388133975209e0	3.44279710768004321e0
GROUP	33	27479187	6.01657949762675504e-1	9.82300134511293095e1	-1.06873649132863591e0	-8.97868267433947409e0	3.76308771324117629e2	3.76362986614350973e2	8.97867157457455534e0	3.76503306328618578e2	3.77814772343791276e2	-5.98955891617699076e-6	5.00000000000000000e0	4.99999999999999467e0	0.00000000000000000e0	3.35362388133975253e0	3.44279710767978298e0
GROUP	33	27479188	6.01657949762675504e-1	9.82300134446412727e1	-1.06873649781667268e0	-8.97868274070142292e0	3.76308771324117686e2	3.76362986614351030e2	8.97867157449838160e0	3.76503306328617725e2	3.77814772343789230e2	-5.98955893384586680e-6	5.00000000000000000e0	4.99999999999999467e0	0.00000000000000000e0	3.35362388133975298e0	3.44279710767945524e0
RIGHT	33	27479189	6.01657949762675615e-1	9.82300134456464207e1	-1.06873649681934069e0	-8.97868271013935981e0	3.76308771324117856e2	3.76362986614351200e2	8.97867157434603236e0	3.76503306328616020e2	3.77814772343785307e2	-5.98955896473041431e-6	5.00000000000000000e0	4.99999999999999467e0	0.00000000000000000e0	3.35362388133975386e0	3.44279710767880243e0
LEFT	34	27479587	6.01665709923425607e-1	9.86313831315391383e1	-1.06955547348657376e0	-9.01236744623662389e0	3.76304593999689473e2	3.76358808688090278e2	9.01235633943480785e0	3.76499643697854253e2	3.77811582156298016e2	-1.05090015966275582e-5	5.00000000000000000e0	4.99999999999999467e0	0.00000000000000000e0	3.35368470437541077e0	3.45798704655227152e0
GROUP	34	27479588	6.01665709923425718e-1	9.86313831324305426e1	-1.06955547259906325e0	-9.01236739154268918e0	3.76304593999689814e2	3.76358808688090619e2	9.01235633932013336e0	3.76499643697852719e2	3.77811582156295003e2	-1.05090016185778089e-5	5.00000000000000000e0	4.99999999999999467e0	0.00000000000000000e0	3.35368470437541122e0	3.45798704655176570e0
GROUP	34	27479589	6.01665709923425718e-1	9.86313831357169590e1	-1.06955546931264678e0	-9.01236743358622405e0	3.76304593999689871e2	3.76358808688090676e2	9.01235633925870161e0	3.76499643697852036e2	3.77811582156293468e2	-1.05090016300549240e-5	5.00000000000000000e0	4.99999999999999467e0	0.00000000000000000e0	3.35368470437541211e0	3.45798704655149436e0
GROUP	34	27479590	6.01665709923425718e-1	9.86313831301216197e1	-1.06955547490798608e0	-9.01236741946497766e0	3.76304593999689871e2	3.76358808688090676e2	9.01235633918134482e0	3.76499643697851070e2	3.77811582156291593e2	-1.05090016432556987e-5	5.00000000000000000e0	4.99999999999999467e0	0.00000000000000000e0	3.35368470437541344e0	3.45798704655115241e0
RIGHT	34	27479591	6.01665709923425829e-1	9.86313831317397813e1	-1.06955547329764045e0	-9.01236740517665780e0	3.76304593999690155e2	3.76358808688090960e2	9.01235633902663658e0	3.76499643697849024e2	3.77811582156287614e2	-1.05090016723250106e-5	5.00000000000000000e0	4.99999999999999467e0	0.00000000000000000e0	3.35368470437541433e0	3.45798704655046896e0
LEFT	35	27885490	6.09976619248566276e-1	-3.71606536939318710e0	9.48203785704959188e1	8.84279344164468739e0	3.76685749923869537e2	3.76740019525896173e2	8.84278223579387301e0	3.76878329080825552e2	3.78187883975763725e2	-2.23505006955399092e-6	5.00000000000000000e0	4.99999999999999467e0	0.00000000000000000e0	3.35624948772872989e0	3.40041382379997215e0
GROUP	35	27885491	6.09976619248566387e-1	-3.71606536987567360e0	9.48203785700212620e1	8.84279344107602583e0	3.76685749923869821e2	3.76740019525896457e2	8.84278223564913368e0	3.76878329080823676e2	3.78187883975759860e2	-2.23505010391874566e-6	5.00000000000000000e0	4.99999999999999467e0	0.00000000000000000e0	3.35624948772873033e0	3.40041382379936286e0
GROUP	35	27885492	6.09976619248566387e-1	-3.71606536909524943e0	9.48203785708016937e1	8.84279344310664328e0	3.76685749923869935e2	3.76740019525896571e2	8.84278223556883169e0	3.76878329080822709e2	3.78187883975757643e2	-2.23505012359373962e-6	5.00000000000000000e0	4.99999999999999467e0	0.00000000000000000e0	3.35624948772873033e0	3.40041382379902402e0
RIGHT	35	27885493	6.09976619248566498e-1	-3.71606536807046162e0	9.48203785718304175e1	8.84279344259698519e0	3.76685749923870048e2	3.76740019525896685e2	8.84278223547102549e0	3.76878329080821516e2	3.78187883975754914e2	-2.23505014838008528e-6	5.00000000000000000e0	4.99999999999999467e0	0.00000000000000000e0	3.35624948772873033e0	3.40041382379861146e0
LEFT	36	27886295	6.09992113128947411e-1	-3.75549619907440935e0	9.55863128112842304e1	8.96445267957699343e0	3.76676989547645405e2	3.76731257887553340e2	8.96444155251210795e0	3.76871358317838599e2	3.78182624597855067e2	-2.93207166090610075e-6	5.00000000000000000e0	4.99999999999999467e0	0.00000000000000000e0	3.35637118976892035e0	3.43160708826703598e0
GROUP	36	27886296	6.09992113128947522e-1	-3.75549619922026690e0	9.55863128111423066e1	8.96445268271310169e0	3.76676989547645690e2	3.76731257887553625e2	8.96444155240128815e0	3.76871358317837121e2	3.78182624597852282e2	-2.93207168516643810e-6	5.00000000000000000e0	4.99999999999999467e0	0.00000000000000000e0	3.35637118976891990e0	3.43160708826657013e0
GROUP	36	27886297	6.09992113128947522e-1	-3.75549619993078521e0	9.55863128104317781e1	8.96445267875731133e0	3.76676989547645860e2	3.76731257887553795e2	8.96444155234144269e0	3.76871358317836439e2	3.78182624597850690e2	-2.93207169926621800e-6	5.00000000000000000e0	4.99999999999999467e0	0.00000000000000000e0	3.35637118976892035e0	3.43160708826631922e0
GROUP	36	27886298	6.09992113128947522e-1	-3.75549620096256520e0	9.55863128093999990e1	8.96445267936883283e0	3.76676989547645974e2	3.76731257887553909e2	8.96444155226653194e0	3.76871358317835814e2	3.78182624597848587e2	-2.93207171662715013e-6	5.00000000000000000e0	4.99999999999999467e0	0.00000000000000000e0	3.35637118976892124e0	3.43160708826600436e0
RIGHT	36	27886299	6.09992113128947633e-1	-3.75549619867607642e0	9.55863128116943130e1	8.96445268203780188e0	3.76676989547646201e2	3.76731257887554136e2	8.96444155211670868e0	3.76871358317834392e2	3.78182624597844551e2	-2.93207175035668014e-6	5.00000000000000000e0	4.99999999999999467e0	0.00000000000000000e0	3.35637118976892213e0	3.43160708826537375e0
LEFT	37	27887462	6.10015376508559637e-1	-3.81491564811444528e0	9.67297401223143112e1	9.14782595022040823e0	3.76664490353390306e2	3.76718756892523174e2	9.14781493755046959e0	3.76861596282923529e2	3.78175429536473075e2	-1.11595417716050336e-5	5.00000000000000000e0	4.99999999999999467e0	0.00000000000000000e0	3.35655443423587174e0	3.48130524951197851e0
GROUP	37	27887463	6.10015376508559748e-1	-3.81491564750672474e0	9.67297401229297975e1	9.14782595115656250e0	3.76664490353390590e2	3.76718756892523459e2	9.14781493740364837e0	3.76861596282921653e2	3.78175429536469210e2	-1.11595417988562383e-5	5.00000000000000000e0	4.99999999999999467e0	0.00000000000000000e0	3.35655443423587263e0	3.48130524951135634e0
GROUP	37	27887464	6.10015376508559748e-1	-3.81491564633483016e0	9.67297401241016956e1	9.14782595298265733e0	3.76664490353390704e2	3.76718756892523572e2	9.14781493732601803e0	3.76861596282920573e2	3.78175429536467220e2	-1.11595418123458496e-5	5.00000000000000000e0	4.99999999999999467e0	0.00000000000000000e0	3.35655443423587307e0	3.48130524951102815e0
RIGHT	37	27887465	6.10015376508559859e-1	-3.81491564871989608e0	9.67297401217244044e1	9.14782595280883015e0	3.76664490353390875e2	3.76718756892523743e2	9.14781493722571959e0	3.76861596282919379e2	3.78175429536464662e2	-1.11595418314377096e-5	5.00000000000000000e0	4.99999999999999467e0	0.00000000000000000e0	3.35655443423587396e0	3.48130524951060361e0
LEFT	38	28293371	6.18334040468709323e-1	9.87155556865030519e1	-1.07150638179190594e0	-9.09269863383697619e0	3.77032012143548116e2	3.77086331632019494e2	9.09268752351270493e0	3.77228350065319660e2	3.78541413168317774e2	-5.95531086005700826e-6	5.00000000000000000e0	4.99999999999999467e0	0.00000000000000000e0	3.35928443798804377e0	3.45989962174823429e0
GROUP	38	28293372	6.18334040468709434e-1	9.87155556848458957e1	-1.07150638345295590e0	-9.09269864314411613e0	3.77032012143548343e2	3.77086331632019721e2	9.09268752335506925e0	3.77228350065317613e2	3.78541413168313852e2	-5.95531089241268090e-6	5.00000000000000000e0	4.99999999999999467e0	0.00000000000000000e0	3.35928443798804466e0	3.45989962174757970e0
GROUP	38	28293373	6.18334040468709434e-1	9.87155556850514415e1	-1.07150638324741010e0	-9.09269858354831051e0	3.77032012143548457e2	3.77086331632019835e2	9.09268752327209739e0	3.77228350065316533e2	3.78541413168311863e2	-5.95531090858611011e-6	5.00000000000000000e0	4.99999999999999467e0	0.00000000000000000e0	3.35928443798804466e0	3.45989962174723553e0
RIGHT	38	28293374	6.18334040468709545e-1	9.87155556820810318e1	-1.07150638622562155e0	-9.09269861871888097e0	3.77032012143548513e2	3.77086331632019892e2	9.09268752316420148e0	3.77228350065315396e2	3.78541413168309134e2	-5.95531093002742525e-6	5.00000000000000000e0	4.99999999999999467e0	0.00000000000000000e0	3.35928443798804377e0	3.45989962174678789e0
LEFT	39	28294160	6.18349556437882364e-1	9.95142358527724582e1	-1.07404838616407972e0	-9.19755606367160894e0	3.77023870573318561e2	3.77078188888823433e2	9.19754505591701843e0	3.77221786708222339e2	3.78536313582388630e2	-1.33011424233622225e-5	5.00000000000000000e0	4.99999999999999467e0	0.00000000000000000e0	3.35940664904581565e0	3.49434359130010108e0
GROUP	39	28294161	6.18349556437882475e-1	9.95142358511936891e1	-1.07404838775062217e0	-9.19755610614990715e0	3.77023870573318902e2	3.77078188888823775e2	9.19754505577326320e0	3.77221786708220520e2	3.78536313582384992e2	-1.33011424472367897e-5	5.00000000000000000e0	4.99999999999999467e0	0.00000000000000000e0	3.35940664904581654e0	3.49434359129948158e0
GROUP	39	28294162	6.18349556437882475e-1	9.95142358519434964e1	-1.07404838700081484e0	-9.19755610610157781e0	3.77023870573319073e2	3.77078188888823945e2	9.19754505570136871e0	3.77221786708219611e2	3.78536313582383116e2	-1.33011424606815827e-5	5.00000000000000000e0	4.99999999999999467e0	0.00000000000000000e0	3.35940664904581654e0	3.49434359129917160e0
RIGHT	39	28294163	6.18349556437882586e-1	9.95142358563794147e1	-1.07404838256877611e0	-9.19755604419610862e0	3.77023870573319130e2	3.77078188888824002e2	9.19754505560753088e0	3.77221786708218531e2	3.78536313582380672e2	-1.33011424775476062e-5	5.00000000000000000e0	4.99999999999999467e0	0.00000000000000000e0	3.35940664904581610e0	3.49434359129876748e0
LEFT	40	28294564	6.18357302687174704e-1	9.99118912625729365e1	-1.07511176077019854e0	-9.24148227864520422e0	3.77019937285609672e2	3.77074255034440682e2	9.24147128347975411e0	3.77218496427457126e2	3.78533635089493657e2	-1.33724499642557799e-5	5.00000000000000000e0	4.99999999999999467e0	0.00000000000000000e0	3.35946775513447049e0	3.51024413964231741e0
GROUP	40	28294565	6.18357302687174815e-1	9.99118912646306967e1	-1.07511175872018327e0	-9.24148224327874601e0	3.77019937285609899e2	3.77074255034440910e2	9.24147128331347290e0	3.77218496427455136e2	3.78533635089489337e2	-1.33724499946857078e-5	5.00000000000000000e0	4.99999999999999467e0	0.00000000000000000e0	3.35946775513447138e0	3.51024413964158688e0
GROUP	40	28294566	6.18357302687174815e-1	9.99118912636470924e1	-1.07511175970378758e0	-9.24148230090779954e0	3.77019937285610013e2	3.77074255034441023e2	9.24147128323043177e0	3.77218496427454170e2	3.78533635089487120e2	-1.33724500097642970e-5	5.00000000000000000e0	4.99999999999999467e0	0.00000000000000000e0	3.35946775513447182e0	3.51024413964122184e0
RIGHT	40	28294567	6.18357302687174926e-1	9.99118912643178874e1	-1.07511175903687217e0	-9.24148222533849939e0	3.77019937285610240e2	3.77074255034441251e2	9.24147128312043620e0	3.77218496427452806e2	3.78533635089484164e2	-1.33724500290194260e-5	5.00000000000000000e0	4.99999999999999467e0	0.00000000000000000e0	3.35946775513447271e0	3.51024413964073689e0
LEFT	41	28551252	6.23376371521538464e-1	9.64526312780337207e1	-1.05719298040411047e0	-8.50633872874562158e0	3.81711457567533955e2	3.81766451229745428e2	8.50632939836462043e0	3.81899941198852275e2	3.83204726920688927e2	-8.50520022474536387e-6	5.00000000000000000e0	4.99999999999999467e0	0.00000000000000000e0	3.35764162597455673e0	3.43260086011395815e0
GROUP	41	28551253	6.23376371521538575e-1	9.64526312784997799e1	-1.05719297993016426e0	-8.50633873995724343e0	3.81711457567534183e2	3.81766451229745655e2	8.50632939819702294e0	3.81899941198850229e2	3.83204726920684550e2	-8.50520025910340546e-6	5.00000000000000000e0	4.99999999999999467e0	0.00000000000000000e0	3.35764162597455584e0	3.43260086011285059e0
GROUP	41	28551254	6.23376371521538575e-1	9.64526312782323743e1	-1.05719298019756991e0	-8.50633878298830126e0	3.81711457567534296e2	3.81766451229745769e2	8.50632939810903999e0	3.81899941198849035e2	3.83204726920682219e2	-8.50520027727030384e-6	5.00000000000000000e0	4.99999999999999467e0	0.00000000000000000e0	3.35764162597455584e0	3.43260086011227106e0
RIGHT	41	28551255	6.23376371521538686e-1	9.64526312771464376e1	-1.05719298127560535e0	-8.50633875753207924e0	3.81711457567534353e2	3.81766451229745826e2	8.50632939799421450e0	3.81899941198847387e2	3.83204726920679207e2	-8.50520030088739167e-6	5.00000000000000000e0	4.99999999999999467e0	0.00000000000000000e0	3.35764162597455540e0	3.43260086011151477e0
LEFT	42	28701095	6.26675969166192504e-1	-3.79342816262699234e0	9.64379096224120929e1	9.08150816098753921e0	3.77392844905435936e2	3.77447216379548934e2	9.08149709274521477e0	3.77589085690355091e2	3.78901992297170352e2	-9.38179557688826540e-6	5.00000000000000000e0	4.99999999999999467e0	0.00000000000000000e0	3.36188575071920681e0	3.46967851696423013e0
GROUP	42	28701096	6.26675969166192615e-1	-3.79342816204941480e0	9.64379096229974664e1	9.08150816234336844e0	3.77392844905436277e2	3.77447216379549275e2	9.08149709258448823e0	3.77589085690353102e2	3.78901992297166316e2	-9.38179560726771530e-6	5.00000000000000000e0	4.99999999999999467e0	0.00000000000000000e0	3.36188575071920726e0	3.46967851696350893e0
GROUP	42	28701097	6.26675969166192615e-1	-3.79342816341793876e0	9.64379096216289327e1	9.08150815944901524e0	3.77392844905436448e2	3.77447216379549445e2	9.08149709250000647e0	3.77589085690352249e2	3.78901992297164156e2	-9.38179562355861358e-6	5.00000000000000000e0	4.99999999999999467e0	0.00000000000000000e0	3.36188575071920814e0	3.46967851696312968e0
RIGHT	42	28701098	6.26675969166192726e-1	-3.79342816210668010e0	9.64379096229479700e1	9.08150816131336569e0	3.77392844905436618e2	3.77447216379549616e2	9.08149709238993808e0	3.77589085690351112e2	3.78901992297161200e2	-9.38179564601780060e-6	5.00000000000000000e0	4.99999999999999467e0	0.00000000000000000e0	3.36188575071920948e0	3.46967851696263496e0
LEFT	43	28957174	6.31695053915360960e-1	-3.65670571041727710e0	9.46187827204686300e1	8.65968892817272717e0	3.82109914804831362e2	3.82164965873291180e2	8.65967963600239088e0	3.82300724672092713e2	3.83607690880567077e2	-8.50261680361659741e-6	5.00000000000000000e0	4.99999999999999467e0	0.00000000000000000e0	3.35987228875964306e0	3.46534222000763625e0
GROUP	43	28957175	6.31695053915361071e-1	-3.65670571063063665e0	9.46187827202474097e1	8.65968892775157428e0	3.82109914804831590e2	3.82164965873291408e2	8.65967963587598355e0	3.82300724672091064e2	3.83607690880563780e2	-8.50261683020277459e-6	5.00000000000000000e0	4.99999999999999467e0	0.00000000000000000e0	3.35987228875964261e0	3.46534222000681291e0
GROUP	43	28957176	6.31695053915361071e-1	-3.65670570906754744e0	9.46187827218104900e1	8.65968892439218507e0	3.82109914804831703e2	3.82164965873291521e2	8.65967963580847488e0	3.82300724672090325e2	3.83607690880561847e2	-8.50261684540975360e-6	5.00000000000000000e0	4.99999999999999467e0	0.00000000000000000e0	3.35987228875964217e0	3.46534222000637415e0
GROUP	43	28957177	6.31695053915361071e-1	-3.65670571227237984e0	9.46187827186056580e1	8.65968892494453257e0	3.82109914804831703e2	3.82164965873291521e2	8.65967963572280475e0	3.82300724672089473e2	3.83607690880559403e2	-8.50261686425244197e-6	5.00000000000000000e0	4.99999999999999467e0	0.00000000000000000e0	3.35987228875964128e0	3.46534222000581638e0
RIGHT	43	28957178	6.31695053915361182e-1	-3.65670571146060741e0	9.46187827194135025e1	8.65968892720997019e0	3.82109914804831817e2	3.82164965873291635e2	8.65967963555146980e0	3.82300724672087483e2	3.83607690880554856e2	-8.50261689920243253e-6	5.00000000000000000e0	4.99999999999999467e0	0.00000000000000000e0	3.35987228875963995e0	3.46534222000470082e0
LEFT	44	29106490	6.34986882979831857e-1	9.80013079536115015e1	-1.06901779495471771e0	-8.99025013730293665e0	3.77788517185692967e2	3.77842945664821912e2	8.99023895785582638e0	3.77983459277914733e2	3.79295087589064735e2	-2.41980908659087688e-6	5.00000000000000000e0	4.99999999999999467e0	0.00000000000000000e0	3.36355608572592324e0	3.42466702970961689e0
GROUP	44	29106491	6.34986882979831968e-1	9.80013079531592126e1	-1.06901779541485098e0	-8.99025012954448499e0	3.77788517185693138e2	3.77842945664822082e2	8.99023895774175763e0	3.77983459277913482e2	3.79295087589061893e2	-2.41980911178629880e-6	5.00000000000000000e0	4.99999999999999467e0	0.00000000000000000e0	3.36355608572592368e0	3.42466702970915282e0
GROUP	44	29106492	6.34986882979831968e-1	9.80013079514415892e1	-1.06901779713247436e0	-8.99025017236706958e0	3.77788517185693252e2	3.77842945664822196e2	8.99023895768003101e0	3.77983459277912573e2	3.79295087589060415e2	-2.41980912496322613e-6	5.00000000000000000e0	4.99999999999999467e0	0.00000000000000000e0	3.36355608572592368e0	3.42466702970890102e0
GROUP	44	29106493	6.34986882979831968e-1	9.80013079513503129e1	-1.06901779722375068e0	-8.99025015554976115e0	3.77788517185693252e2	3.77842945664822196e2	8.99023895760266178e0	3.77983459277911152e2	3.79295087589058596e2	-2.41980914125618482e-6	5.00000000000000000e0	4.99999999999999467e0	0.00000000000000000e0	3.36355608572592324e0	3.42466702970858483e0
RIGHT	44	29106494	6.34986882979832079e-1	9.80013079514603049e1	-1.06901779711375866e0	-8.99025016127001209e0	3.77788517185693252e2	3.77842945664822196e2	8.99023895744791801e0	3.77983459277909162e2	3.79295087589054788e2	-2.41980917667321833e-6	5.00000000000000000e0	4.99999999999999467e0	0.00000000000000000e0	3.36355608572592235e0	3.42466702970795334e0
LEFT	45	29106889	6.34994628856267118e-1	9.84019331633599137e1	-1.07032312753632652e0	-9.04396156201821810e0	3.77784209397201323e2	3.77838637255701599e2	9.04395038364114434e0	3.77979938835388964e2	3.79292319954686150e2	-2.39271871858227915e-6	5.00000000000000000e0	4.99999999999999467e0	0.00000000000000000e0	3.36361607016107156e0	3.44165864383999853e0
GROUP	45	29106890	6.34994628856267229e-1	9.84019331642773523e1	-1.07032312662281015e0	-9.04396154280651032e0	3.77784209397201607e2	3.77838637255701883e2	9.04395038350161684e0	3.77979938835387145e2	3.79292319954682398e2	-2.39271875157513190e-6	5.00000000000000000e0	4.99999999999999467e0	0.00000000000000000e0	3.36361607016107289e0	3.44165864383942122e0
GROUP	45	29106891	6.34994628856267229e-1	9.84019331616121917e1	-1.07032312928797069e0	-9.04396150143207045e0	3.77784209397201721e2	3.77838637255701997e2	9.04395038342806856e0	3.77979938835386235e2	3.79292319954680522e2	-2.39271876817613402e-6	5.00000000000000000e0	4.99999999999999467e0	0.00000000000000000e0	3.36361607016107289e0	3.44165864383911746e0
RIGHT	45	29106892	6.34994628856267340e-1	9.84019331640480175e1	-1.07032312685996089e0	-9.04396149926125226e0	3.77784209397201778e2	3.77838637255702054e2	9.04395038333819734e0	3.77979938835385212e2	3.79292319954678305e2	-2.39271878855716932e-6	5.00000000000000000e0	4.99999999999999467e0	0.00000000000000000e0	3.36361607016107245e0	3.44165864383874620e0
LEFT	46	29514900	6.43336562554538083e-1	-3.79643168790116992e0	9.61211003462557301e1	9.09077769436669314e0	3.78137436420638835e2	3.78191915169012134e2	9.09076656947542183e0	3.78333937721792495e2	3.79646973965617349e2	-7.65706397507450693e-6	5.00000000000000000e0	4.99999999999999467e0	0.00000000000000000e0	3.36530053923931671e0	3.45468651854429165e0
GROUP	46	29514901	6.43336562554538194e-1	-3.79643168753040472e0	9.61211003466343072e1	9.09077769588122919e0	3.78137436420639119e2	3.78191915169012418e2	9.09076656932032456e0	3.78333937721790562e2	3.79646973965613256e2	-7.65706400736200019e-6	5.00000000000000000e0	4.99999999999999467e0	0.00000000000000000e0	3.36530053923931760e0	3.45468651854364150e0
GROUP	46	29514902	6.43336562554538194e-1	-3.79643168832256395e0	9.61211003458421374e1	9.09077769248489176e0	3.78137436420639290e2	3.78191915169012589e2	9.09076656923857662e0	3.78333937721789425e2	3.79646973965611153e2	-7.65706402420117442e-6	5.00000000000000000e0	4.99999999999999467e0	0.00000000000000000e0	3.36530053923931805e0	3.45468651854329911e0
RIGHT	46	29514903	6.43336562554538305e-1	-3.79643168695085897e0	9.61211003472177481e1	9.09077769639912958e0	3.78137436420639460e2	3.78191915169012759e2	9.09076656913246772e0	3.78333937721788118e2	3.79646973965608538e2	-7.65706404517736260e-6	5.00000000000000000e0	4.99999999999999467e0	0.00000000000000000e0	3.36530053923931893e0	3.45468651854285458e0
LEFT	47	29515682	6.43352056694397767e-1	-3.83297341305850425e0	9.68840991873392881e1	9.20356331430355112e0	3.78129175734477712e2	3.78183653292723307e2	9.20355226596944043e0	3.78327335724514853e2	3.79641946313591518e2	-8.34486790731401891e-6	5.00000000000000000e0	4.99999999999999467e0	0.00000000000000000e0	3.36542064093534865e0	3.48719489805453886e0
GROUP	47	29515683	6.43352056694397878e-1	-3.83297341170617001e0	9.68840991886916356e1	9.20356331635525748e0	3.78129175734477997e2	3.78183653292723591e2	9.20355226581396657e0	3.78327335724512977e2	3.79641946313587368e2	-8.34486794057699089e-6	5.00000000000000000e0	4.99999999999999467e0	0.00000000000000000e0	3.36542064093534909e0	3.48719489805387628e0
GROUP	47	29515684	6.43352056694397878e-1	-3.83297341298862859e0	9.68840991874091770e1	9.20356331760973490e0	3.78129175734478110e2	3.78183653292723704e2	9.20355226573204988e0	3.78327335724512011e2	3.79641946313585322e2	-8.34486795538437534e-6	5.00000000000000000e0	4.99999999999999467e0	0.00000000000000000e0	3.36542064093534909e0	3.48719489805352634e0
RIGHT	47	29515685	6.43352056694397989e-1	-3.83297341349679321e0	9.68840991869087844e1	9.20356331646263470e0	3.78129175734478224e2	3.78183653292723818e2	9.20355226562567275e0	3.78327335724510874e2	3.79641946313582707e2	-8.34486797578701887e-6	5.00000000000000000e0	4.99999999999999467e0	0.00000000000000000e0	3.36542064093534954e0	3.48719489805307203e0
